Player ID,Player Name,Nation,Club,Rating,Image URL,Position
516982664000045087,!Noba,Hungary,Esperion,84,https://psafdb.com/api/playerImage/516982664000045087,lst
548500879930818589,H0gch,Romania,Free Agent,80,https://psafdb.com/api/playerImage/548500879930818589,RB
1273195058807574550,rashkou09,Bulgaria,Bearington FC,76,https://psafdb.com/api/playerImage/1273195058807574550,LB
1247558168624762913,lysy,Poland,FC Virtuoz,79,https://psafdb.com/api/playerImage/1247558168624762913,RB
809784041959718934,??????,Poland,Lisbon FC,83,https://psafdb.com/api/playerImage/809784041959718934,RW
912741981644541972,TheCepen,Italy,Free Agent,72,https://psafdb.com/api/playerImage/912741981644541972,gk
839242015288066098,nico.,Italy,FP Sicilia 2019,77,https://psafdb.com/api/playerImage/839242015288066098,rb
1000217059231273041,Avexez,Scotland,Hydraspor FK,83,https://psafdb.com/api/playerImage/1000217059231273041,rb
282549017190203392,Sliprz,Portugal,Montréal FC,77,https://psafdb.com/api/playerImage/282549017190203392,lb
776213018613776424,SyrianSteGeN,Syria,Guards United,82,https://psafdb.com/api/playerImage/776213018613776424,rw
446328699353300994,Kimmich,Turkiye,Guards United,83,https://psafdb.com/api/playerImage/446328699353300994,rst
801401196802867220,Gonzalez,Romania,Free Agent,79,https://psafdb.com/api/playerImage/801401196802867220,LW
852855190541303898,FyZpT,Turkiye,FC Virtuoz,76,https://psafdb.com/api/playerImage/852855190541303898,rst
672121695351603243,tVkyo,Poland,FC Virtuoz,83,https://psafdb.com/api/playerImage/672121695351603243,CM
481421128615723019,o?uzhan,Turkiye,FC Virtuoz,87,https://psafdb.com/api/playerImage/481421128615723019,rw
701161545350250497,Nesto,Poland,CA Osasuna,74,https://psafdb.com/api/playerImage/701161545350250497,rb
527525915757117462,ProudToe,Ireland,Titan FC,84,https://psafdb.com/api/playerImage/527525915757117462,lb
938737086943596644,Wladyslaw,Poland,Mystic FC,77,https://psafdb.com/api/playerImage/938737086943596644,RB
331490632189214730,?ahin,Turkiye,Wembley Guardians,75,https://psafdb.com/api/playerImage/331490632189214730,gk
234614153023717376,Gaufrette,France,Free Agent,89,https://psafdb.com/api/playerImage/234614153023717376,lb
469624628097056798,Harka ?,Spain,Lacedemonia CF,82,https://psafdb.com/api/playerImage/469624628097056798,rf
730844679880441926,videhh,England,Lisbon FC,76,https://psafdb.com/api/playerImage/730844679880441926,RW
967751498291359744,acsocs,Italy,Free Agent,77,https://psafdb.com/api/playerImage/967751498291359744,RB
763006836261388298,Mete,Turkiye,Free Agent,78,https://psafdb.com/api/playerImage/763006836261388298,N/A
628297468274278410,sckoles,England,Valhalla FC,74,https://psafdb.com/api/playerImage/628297468274278410,rb
1134218079015030925,Max,Netherlands,Free Agent,79,https://psafdb.com/api/playerImage/1134218079015030925,cm
647776556047007744,Hadrow,Germany,Lase FC,82,https://psafdb.com/api/playerImage/647776556047007744,rb
712015841306214503,Kape,Portugal,Greenlink FC,81,https://psafdb.com/api/playerImage/712015841306214503,lb
1155363652480811079,Workez,Turkiye,Samsunspor,73,https://psafdb.com/api/playerImage/1155363652480811079,gk
1067716703909322783,Aziz,Turkiye,Free Agent,78,https://psafdb.com/api/playerImage/1067716703909322783,CM
549659602434785283,Kedi,Turkiye,Greenlink FC,83,https://psafdb.com/api/playerImage/549659602434785283,GK
492744672964509718,Draven,Russia,Lunar Legion FC,77,https://psafdb.com/api/playerImage/492744672964509718,rw
786542110735204393,Jerkmate Ranked Master Baiter,Greece,Polg FC,85,https://psafdb.com/api/playerImage/786542110735204393,gk
633381840144695323,Traktoren,Norway,Valhalla FC,76,https://psafdb.com/api/playerImage/633381840144695323,lb
544413992362311682,John Biggles,England,Free Agent,71,https://psafdb.com/api/playerImage/544413992362311682,GK
865659933651238924,Ihan botti,Finland,Baltazar Boys,80,https://psafdb.com/api/playerImage/865659933651238924,lw
474911866078887936,NovaOne,England,Lisbon FC,80,https://psafdb.com/api/playerImage/474911866078887936,rb
307225665999208449,Resasi,Italy,Leeds United FC,85,https://psafdb.com/api/playerImage/307225665999208449,rb
807388481013284894,Pitoca,Portugal,Valhalla FC,71,https://psafdb.com/api/playerImage/807388481013284894,gk
775290910879121418,Melon,Poland,Free Agent,77,https://psafdb.com/api/playerImage/775290910879121418,N/A
292716813219790848,Lokdog,Germany,Pau FC,83,https://psafdb.com/api/playerImage/292716813219790848,LB
1218747289015681044,Misty,England,Chelsea United,83,https://psafdb.com/api/playerImage/1218747289015681044,RB
712594059126112266,Ciruzzo,Italy,Ares United,78,https://psafdb.com/api/playerImage/712594059126112266,rb
484827330431418369,Pro ??,England,Titan FC,80,https://psafdb.com/api/playerImage/484827330431418369,LST
589344425214214154,SUPERnoobgamer,Portugal,Titan FC,81,https://psafdb.com/api/playerImage/589344425214214154,rb
675690096359637002,OberstYigit,Turkiye,Montréal FC,72,https://psafdb.com/api/playerImage/675690096359637002,gk
639069222462423041,firecell,Turkiye,Hellfire Club,76,https://psafdb.com/api/playerImage/639069222462423041,CB
698127365271978064,Tai,Turkiye,Mahmut Tuncer FC,79,https://psafdb.com/api/playerImage/698127365271978064,lcm
836995212152143912,stiv,Poland,Mystic FC,81,https://psafdb.com/api/playerImage/836995212152143912,LCM
392756860144582656,TryHardPT,Portugal,Hydraspor FK,76,https://psafdb.com/api/playerImage/392756860144582656,gk
857596227776806922,null,Romania,Free Agent,81,https://psafdb.com/api/playerImage/857596227776806922,CB
824740162037743628,slatratg,Turkiye,Mahmut Tuncer FC,86,https://psafdb.com/api/playerImage/824740162037743628,CM
842460685875281962,kiwi ártico,Romania,Mystic FC,76,https://psafdb.com/api/playerImage/842460685875281962,RW
1176573620131201097,Yektablt,Turkiye,Artemis FC,76,https://psafdb.com/api/playerImage/1176573620131201097,rb
1278051579869528175,?,England,Valhalla FC,62,https://psafdb.com/api/playerImage/1278051579869528175,LB
957733003658940487,Jwack,Italy,Ares United,79,https://psafdb.com/api/playerImage/957733003658940487,cm
958050009419501628,Pipidik,Turkiye,Outliers Athletic,73,https://psafdb.com/api/playerImage/958050009419501628,GK
1044975375375159387,Arda0nTop,Turkiye,VFB Leipzig,82,https://psafdb.com/api/playerImage/1044975375375159387,cm
669583423198855199,cabbar,Turkiye,Guards United,60,https://psafdb.com/api/playerImage/669583423198855199,lb
749174134264692827,Zyzz Legacy,Greece,Free Agent,79,https://psafdb.com/api/playerImage/749174134264692827,rb
679045681536565411,stan,England,Free Agent,85,https://psafdb.com/api/playerImage/679045681536565411,N/A
772130691995271179,Max,England,Valhalla FC,79,https://psafdb.com/api/playerImage/772130691995271179,lb
637256086935830548,gazzer,England,Valhalla FC,75,https://psafdb.com/api/playerImage/637256086935830548,lb
966988659964407818,Kimito ?,France,Mystic FC,80,https://psafdb.com/api/playerImage/966988659964407818,LW
304207932168339457,EpicCow,Romania,Free Agent,81,https://psafdb.com/api/playerImage/304207932168339457,CB
1223997375237062818,djankara,Bosnia and Herzegovina,Drillas,78,https://psafdb.com/api/playerImage/1223997375237062818,RB
1084200240292307014,xPasi,Germany,Mystic FC,66,https://psafdb.com/api/playerImage/1084200240292307014,lw
487702094640578560,Gremlin,Wales,Free Agent,70,https://psafdb.com/api/playerImage/487702094640578560,lw
1197226703982964807,Arao,Turkiye,FC Rzeszów,80,https://psafdb.com/api/playerImage/1197226703982964807,lb
1077315596280135730,Ciccio?,Italy,Brexit City FC,86,https://psafdb.com/api/playerImage/1077315596280135730,lw
1010143303594938448,?,Turkiye,Guards United,74,https://psafdb.com/api/playerImage/1010143303594938448,cm
433311011068706826,Reni,Germany,Mystic FC,80,https://psafdb.com/api/playerImage/433311011068706826,GK
258637806623129601,fram,France,Lacedemonia CF,81,https://psafdb.com/api/playerImage/258637806623129601,RB
547098215279886356,Gundam,England,Greenlink FC,82,https://psafdb.com/api/playerImage/547098215279886356,gk
1234165180892446812,Hara,Bosnia and Herzegovina,Drillas,69,https://psafdb.com/api/playerImage/1234165180892446812,RB
1091064689112399902,Aki,England,Lunar Legion FC,73,https://psafdb.com/api/playerImage/1091064689112399902,GK
728324654535540776,LiChaos,Turkiye,VFB Leipzig,81,https://psafdb.com/api/playerImage/728324654535540776,lb
639092136545091594,DzDinho,France,Pau FC,87,https://psafdb.com/api/playerImage/639092136545091594,gk
500554372623892490,cifour,Ukraine,Lase FC,82,https://psafdb.com/api/playerImage/500554372623892490,lw
742042446606630992,not enough,Ukraine,Free Agent,80,https://psafdb.com/api/playerImage/742042446606630992,null
806185935376613387,?vex1s?,Czechia,FC Rzeszów,79,https://psafdb.com/api/playerImage/806185935376613387,GK
932624757453619281,fati,Turkiye,Mahmut Tuncer FC,81,https://psafdb.com/api/playerImage/932624757453619281,rw
694908314248675389,PramoRR,Turkiye,Samsunspor,70,https://psafdb.com/api/playerImage/694908314248675389,rw
521090130623201280,sanctus,Turkiye,Chelsea United,82,https://psafdb.com/api/playerImage/521090130623201280,lst
813861184327122975,Ambush,Czechia,Ares United,81,https://psafdb.com/api/playerImage/813861184327122975,lw
530827095820075038,Mirtimo,France,Pau FC,87,https://psafdb.com/api/playerImage/530827095820075038,lw
745396712922939412,berkin,Turkiye,Esperion,79,https://psafdb.com/api/playerImage/745396712922939412,cb
589778252453773315,ayo?,Turkiye,FP Sicilia 2019,75,https://psafdb.com/api/playerImage/589778252453773315,rw
792072353206894592,! Waffle,Turkiye,OG FC,81,https://psafdb.com/api/playerImage/792072353206894592,lb
430823288852316182,xpl,Portugal,FP Sicilia 2019,79,https://psafdb.com/api/playerImage/430823288852316182,rb
926526456450920558,elmander.,Turkiye,Free Agent,71,https://psafdb.com/api/playerImage/926526456450920558,N/A
744471580784066590,Yuta,UnitedArab Emirates,Lunar Legion FC,77,https://psafdb.com/api/playerImage/744471580784066590,lw
805088134642925648,Davinci`nin Messi`si,Turkiye,Samsunspor,75,https://psafdb.com/api/playerImage/805088134642925648,LB
1079384370785300521,EnesPeak,Turkiye,Free Agent,81,https://psafdb.com/api/playerImage/1079384370785300521,rb
567747219554304010,Gino,Italy,FP Sicilia 2019,84,https://psafdb.com/api/playerImage/567747219554304010,LB
403891223045079040,Samet,Turkiye,Nemesis City FC,77,https://psafdb.com/api/playerImage/403891223045079040,cm
705513360053239840,ENTY,Turkiye,Mahmut Tuncer FC,82,https://psafdb.com/api/playerImage/705513360053239840,lb
756859336193474560,Taygun,Turkiye,Free Agent,83,https://psafdb.com/api/playerImage/756859336193474560,N/A
1218947839997251686,Pytho,Turkiye,VFB Leipzig,77,https://psafdb.com/api/playerImage/1218947839997251686,RCM
520683486215012352,SuicideBomber39,Bulgaria,Free Agent,72,https://psafdb.com/api/playerImage/520683486215012352,null
264734916191846401,Nino,France,Free Agent,82,https://psafdb.com/api/playerImage/264734916191846401,LW
515909228917948417,Arda Güler,Turkiye,Free Agent,76,https://psafdb.com/api/playerImage/515909228917948417,CM
690254615433969906,Flowkiller,England,Outliers Athletic,77,https://psafdb.com/api/playerImage/690254615433969906,cm
545607730237276161,bTz?,Poland,Free Agent,78,https://psafdb.com/api/playerImage/545607730237276161,lw
601399140714283008,EDlayer,Turkiye,Valhalla FC,69,https://psafdb.com/api/playerImage/601399140714283008,lb
280293466876149772,koray,Finland,Nemesis City FC,72,https://psafdb.com/api/playerImage/280293466876149772,lw
791110093609238559,Zerty,France,FC Virtuoz,84,https://psafdb.com/api/playerImage/791110093609238559,rcm
826172309189558343,?aluzja,Poland,FC Virtuoz,82,https://psafdb.com/api/playerImage/826172309189558343,LB
1015301482981113888,Vini*,Turkiye,Chelsea United,81,https://psafdb.com/api/playerImage/1015301482981113888,rst
938829318497402900,(77) TILIN ?,Spain,Lacedemonia CF,76,https://psafdb.com/api/playerImage/938829318497402900,rw
323501555259277324,srv,Portugal,Hydraspor FK,79,https://psafdb.com/api/playerImage/323501555259277324,lw
233935394305998849,Goku,Germany,Free Agent,86,https://psafdb.com/api/playerImage/233935394305998849,lw
635218852677943352,Izan._v,Spain,Lacedemonia CF,73,https://psafdb.com/api/playerImage/635218852677943352,lb
1182029459373690895,FULLKARTALSPOR,Turkiye,Çoraban FK,65,https://psafdb.com/api/playerImage/1182029459373690895,rb
585554205683613714,jeck,Turkiye,Brexit City FC,86,https://psafdb.com/api/playerImage/585554205683613714,gk
712818143042732032,Chilled,Wales,Polg FC,87,https://psafdb.com/api/playerImage/712818143042732032,lb
1222656959082139719,62grand,Poland,FC Virtuoz,78,https://psafdb.com/api/playerImage/1222656959082139719,RW
564383338220224512,tiago,Portugal,Pau FC,86,https://psafdb.com/api/playerImage/564383338220224512,lb
940190227652296714,Digger,Turkiye,Free Agent,76,https://psafdb.com/api/playerImage/940190227652296714,LB
164468875134631936,Guillermo14,Spain,Lacedemonia CF,78,https://psafdb.com/api/playerImage/164468875134631936,gk
467080846692843521,Andy,Netherlands,Baltazar Boys,79,https://psafdb.com/api/playerImage/467080846692843521,rw
859049751940825096,Wagnercan,Turkiye,US Ávila,81,https://psafdb.com/api/playerImage/859049751940825096,cm
342405190462341134,PolglaseHD,England,Free Agent,80,https://psafdb.com/api/playerImage/342405190462341134,lst
918537884158554112,qiR,Turkiye,Anatolian Leopards FC,82,https://psafdb.com/api/playerImage/918537884158554112,lw
1200212716565037149,poraz,Turkiye,Artemis FC,72,https://psafdb.com/api/playerImage/1200212716565037149,lb
805113917575659581,Kees,Netherlands,Baltazar Boys,85,https://psafdb.com/api/playerImage/805113917575659581,cm
464132197851594754,Baris,Turkiye,Esperion,81,https://psafdb.com/api/playerImage/464132197851594754,CM
866395755941330956,Xéndorlly,Turkiye,Mahmut Tuncer FC,78,https://psafdb.com/api/playerImage/866395755941330956,lw
650697662370414617,ayzzx,Czechia,VFB Leipzig,79,https://psafdb.com/api/playerImage/650697662370414617,RW
579335672935088128,5237,Romania,Çoraban FK,74,https://psafdb.com/api/playerImage/579335672935088128,CM
817145794708504591,Kapix,Poland,Free Agent,79,https://psafdb.com/api/playerImage/817145794708504591,LB
348504270447837185,UkrainianSn1per,Poland,Greenlink FC,77,https://psafdb.com/api/playerImage/348504270447837185,GK
1269983263879991323,dekq,Turkiye,Leeds United FC,77,https://psafdb.com/api/playerImage/1269983263879991323,null
850279051503075328,klof,Turkiye,Free Agent,74,https://psafdb.com/api/playerImage/850279051503075328,LW
611246605177323560,null,France,Chelsea United,89,https://psafdb.com/api/playerImage/611246605177323560,rw
972434289570512986,Snaxy.,Denmark,Drillas,78,https://psafdb.com/api/playerImage/972434289570512986,CM
1242131646304751668,#16| Bachira,England,Ares United,77,https://psafdb.com/api/playerImage/1242131646304751668,lcm
475225971729891343,KaaNSS,Turkiye,Guards United,80,https://psafdb.com/api/playerImage/475225971729891343,rw
809810644604944394,Zacki,England,Lase FC,85,https://psafdb.com/api/playerImage/809810644604944394,RCM
365905136721199104,GloomzyZN,England,Free Agent,74,https://psafdb.com/api/playerImage/365905136721199104,RW
412242897107288064,dekq,Turkiye,Hellfire Club,77,https://psafdb.com/api/playerImage/412242897107288064,gk
459441945702563840,Abou,Germany,Free Agent,82,https://psafdb.com/api/playerImage/459441945702563840,RW
537675310653767680,Barry1,England,Free Agent,80,https://psafdb.com/api/playerImage/537675310653767680,rw
642097444955619360,Gus,Netherlands,Polg FC,86,https://psafdb.com/api/playerImage/642097444955619360,cm
1006320338314989628,L?o,Morocco,VFB Leipzig,74,https://psafdb.com/api/playerImage/1006320338314989628,gk
947562126132772945,RoAxé,Turkiye,Hellfire Club,76,https://psafdb.com/api/playerImage/947562126132772945,gk
378752391413104641,Atlas,England,Free Agent,81,https://psafdb.com/api/playerImage/378752391413104641,RCM
970969650986889236,Juan,Turkiye,Chelsea United,87,https://psafdb.com/api/playerImage/970969650986889236,cm
711771274208215053,Garchi,Spain,Lacedemonia CF,75,https://psafdb.com/api/playerImage/711771274208215053,gk
448176342404431872,Martí BB,Spain,Ares United,83,https://psafdb.com/api/playerImage/448176342404431872,rw
321294422828646411,huseyin_t2,Turkiye,Free Agent,79,https://psafdb.com/api/playerImage/321294422828646411,LW
925196877652168785,Temeritefrite.,France,Wembley Guardians,81,https://psafdb.com/api/playerImage/925196877652168785,RW
875139517949022299,thank,Wales,Greenlink FC,83,https://psafdb.com/api/playerImage/875139517949022299,rw
720363938847522898,Ferdeez,Germany,Brexit City FC,70,https://psafdb.com/api/playerImage/720363938847522898,gk
1105370304492077128,yeerseR,Italy,FP Sicilia 2019,81,https://psafdb.com/api/playerImage/1105370304492077128,rb
364143586897297410,ethEr228,Turkiye,Mahmut Tuncer FC,80,https://psafdb.com/api/playerImage/364143586897297410,LW
722559608987582527,Pedro,Portugal,Titan FC,80,https://psafdb.com/api/playerImage/722559608987582527,rb
398183831196401684,reamy,Turkiye,Free Agent,82,https://psafdb.com/api/playerImage/398183831196401684,RB
721013457725423626,pepar,Belgium,Guards United,72,https://psafdb.com/api/playerImage/721013457725423626,rb
431507878499713024,seb,Denmark,Ball Wonder FC,80,https://psafdb.com/api/playerImage/431507878499713024,null
553691268329242668,PANZER,Portugal,Drillas,78,https://psafdb.com/api/playerImage/553691268329242668,gk
241262866424922112,constantine,Turkiye,Wembley Guardians,81,https://psafdb.com/api/playerImage/241262866424922112,gk
687034953900359701,dsaavy,Spain,Lacedemonia CF,83,https://psafdb.com/api/playerImage/687034953900359701,CB
772507034419068938,rskyy,England,VFB Leipzig,81,https://psafdb.com/api/playerImage/772507034419068938,RB
1068090858722832484,NOEL BABA Y?YEN,Turkiye,Free Agent,74,https://psafdb.com/api/playerImage/1068090858722832484,CM
1227609728608374836,oi,Italy,Mystic FC,81,https://psafdb.com/api/playerImage/1227609728608374836,rw
1187032430243217502,John,Czechia,Free Agent,77,https://psafdb.com/api/playerImage/1187032430243217502,lb
1058456131132981298,| Forwarn |,Turkiye,Avalanche Glacier,76,https://psafdb.com/api/playerImage/1058456131132981298,cm
214823469404258304,PolenDoggen,Poland,Free Agent,80,https://psafdb.com/api/playerImage/214823469404258304,lw
490214172009824268,suspension,Turkiye,Avalanche Glacier,78,https://psafdb.com/api/playerImage/490214172009824268,lw
702845263718514769,Kaiser,Turkiye,Mahmut Tuncer FC,79,https://psafdb.com/api/playerImage/702845263718514769,RB
702654183375110175,NathanMCK67,Scotland,Free Agent,76,https://psafdb.com/api/playerImage/702654183375110175,gk
263447331888824320,Ice,France,Ball Wonder FC,86,https://psafdb.com/api/playerImage/263447331888824320,gk
766765772323553291,Patros,Turkiye,Lisbon FC,74,https://psafdb.com/api/playerImage/766765772323553291,lw
769894890732650526,Chiara,Turkiye,Avalanche Glacier,81,https://psafdb.com/api/playerImage/769894890732650526,rb
334778905670057985,????????™,Poland,Free Agent,82,https://psafdb.com/api/playerImage/334778905670057985,gk
272809006005878786,Markop0lo,Netherlands,Baltazar Boys,69,https://psafdb.com/api/playerImage/272809006005878786,lb
871196094053355600,Firezz,Spain,Valhalla FC,81,https://psafdb.com/api/playerImage/871196094053355600,RW
283251503941025792,-Lewis-,Turkiye,Anatolian Leopards FC,80,https://psafdb.com/api/playerImage/283251503941025792,gk
348831095539761156,Usopp Spell,Italy,FP Sicilia 2019,87,https://psafdb.com/api/playerImage/348831095539761156,gk
297845362029232130,.rami,Italy,Leeds United FC,81,https://psafdb.com/api/playerImage/297845362029232130,RB
1172815123539308607,NAVISantaaA,Turkiye,Montréal FC,70,https://psafdb.com/api/playerImage/1172815123539308607,lb
771408204835454987,Malatyali,Turkiye,Hellfire Club,81,https://psafdb.com/api/playerImage/771408204835454987,lw
544147175265796096,strato,Turkiye,Free Agent,76,https://psafdb.com/api/playerImage/544147175265796096,lb
1065668253365575690,HydroGen245,Italy,Leeds United FC,90,https://psafdb.com/api/playerImage/1065668253365575690,gk
1171169951437033483,REEVO,Turkiye,Free Agent,77,https://psafdb.com/api/playerImage/1171169951437033483,LW
838139366126649380,Raheem,Turkiye,Çoraban FK,73,https://psafdb.com/api/playerImage/838139366126649380,rw
602577147827322881,MrFxn0,England,CA Osasuna,80,https://psafdb.com/api/playerImage/602577147827322881,rw
598425871597961217,merhametsiz.,Turkiye,Montréal FC,73,https://psafdb.com/api/playerImage/598425871597961217,lw
562953677808336926,???,Netherlands,Chelsea United,84,https://psafdb.com/api/playerImage/562953677808336926,GK
709685166225752104,T-Bag,Turkiye,Free Agent,76,https://psafdb.com/api/playerImage/709685166225752104,gk
767028466167578624,Szymanolek,Poland,FC Rzeszów,75,https://psafdb.com/api/playerImage/767028466167578624,RW
728691890945261568,Trappa,Italy,Ares United,82,https://psafdb.com/api/playerImage/728691890945261568,lb
718079431553318994,Miniacz,Poland,Free Agent,75,https://psafdb.com/api/playerImage/718079431553318994,rw
1211273546203004948,aditxu,Romania,Wembley Guardians,75,https://psafdb.com/api/playerImage/1211273546203004948,LW
810950549082996778,Burak,Turkiye,Free Agent,82,https://psafdb.com/api/playerImage/810950549082996778,N/A
778029646427062344,Memed,Turkiye,Chelsea United,90,https://psafdb.com/api/playerImage/778029646427062344,CB
373961565105291276,Hippoliam,France,Free Agent,78,https://psafdb.com/api/playerImage/373961565105291276,RB
959875177599098880,???? ?,Sweden,Free Agent,77,https://psafdb.com/api/playerImage/959875177599098880,null
644966193719017482,Xade,Turkiye,Free Agent,83,https://psafdb.com/api/playerImage/644966193719017482,rw
763083671502454784,??????,Germany,Brexit City FC,87,https://psafdb.com/api/playerImage/763083671502454784,LB
475203325734682634,null,Poland,Free Agent,80,https://psafdb.com/api/playerImage/475203325734682634,RB
784834775654858772,RafaaaJ,Portugal,OG FC,79,https://psafdb.com/api/playerImage/784834775654858772,cm
593756572761718825,Quexy,Turkiye,FC Virtuoz,78,https://psafdb.com/api/playerImage/593756572761718825,lb
186114455686479872,Natalo77,England,Hydraspor FK,78,https://psafdb.com/api/playerImage/186114455686479872,rb
1204388470878117916,Sheiky baltazar boys mascot,Brazil,Baltazar Boys,73,https://psafdb.com/api/playerImage/1204388470878117916,lb
1154716903038799912,Geralt,Poland,US Ávila,80,https://psafdb.com/api/playerImage/1154716903038799912,GK
290913492465221644,sjoguden,Turkiye,FC Rzeszów,73,https://psafdb.com/api/playerImage/290913492465221644,lw
1174451764326572093,Comna,Poland,Ball Wonder FC,82,https://psafdb.com/api/playerImage/1174451764326572093,lw
958410307418619964,AhmedoxsiTV ??,Turkiye,Çoraban FK,74,https://psafdb.com/api/playerImage/958410307418619964,rb
139359698683035648,RaiZen,Germany,Free Agent,80,https://psafdb.com/api/playerImage/139359698683035648,lb
915330605032538112,Fezzy,Turkiye,Mystic FC,72,https://psafdb.com/api/playerImage/915330605032538112,st
1213158761552941056,.SyriannJoNaseR,Syria,Lisbon FC,79,https://psafdb.com/api/playerImage/1213158761552941056,cm
814116828136603678,LucioBest,Turkiye,Guards United,74,https://psafdb.com/api/playerImage/814116828136603678,rb
735170906841940058,arjuns turky teef,England,Free Agent,75,https://psafdb.com/api/playerImage/735170906841940058,LST
616584884537917462,yaeosi,Morocco,Portsmouth FC,77,https://psafdb.com/api/playerImage/616584884537917462,rw
904801593940115506,Roberto Carlos,Turkiye,Free Agent,68,https://psafdb.com/api/playerImage/904801593940115506,GK
349200206111440897,Sadimir,England,Ball Wonder FC,87,https://psafdb.com/api/playerImage/349200206111440897,CM
741363105367588927,happycroco71,Romania,VFB Leipzig,76,https://psafdb.com/api/playerImage/741363105367588927,RW
685581462656909398,Misty,England,Free Agent,81,https://psafdb.com/api/playerImage/685581462656909398,LB
1132084985709465712,Kamis,Poland,Outliers Athletic,75,https://psafdb.com/api/playerImage/1132084985709465712,GK
1086414642814926860,YætN-Wytqal,Turkiye,Nemesis City FC,76,https://psafdb.com/api/playerImage/1086414642814926860,gk
954678081702993960,rutter,England,Wembley Guardians,74,https://psafdb.com/api/playerImage/954678081702993960,gk
207252046280261634,WZRD,France,Valhalla FC,75,https://psafdb.com/api/playerImage/207252046280261634,lb
209808074112892928,Enes,Turkiye,Luton Town FC,88,https://psafdb.com/api/playerImage/209808074112892928,GK
464412833078312961,Whale Hunter,Turkiye,Mystic FC,80,https://psafdb.com/api/playerImage/464412833078312961,LW
993401855801573486,Mekace,Turkiye,Hellfire Club,80,https://psafdb.com/api/playerImage/993401855801573486,lw
1199982034966302782,Fp Casillas,Turkiye,Free Agent,67,https://psafdb.com/api/playerImage/1199982034966302782,GK
1246404350817996845,Vasiliou,Turkiye,Hydraspor FK,80,https://psafdb.com/api/playerImage/1246404350817996845,rb
621084508896231424,?,Germany,Chelsea United,84,https://psafdb.com/api/playerImage/621084508896231424,CB
877110398480973864,tomsfan,England,Polg FC,69,https://psafdb.com/api/playerImage/877110398480973864,lb
1233847879706083338,Lukas,Lithuania,Free Agent,70,https://psafdb.com/api/playerImage/1233847879706083338,lcm
694201939726041249,Rares,Romania,Lisbon FC,72,https://psafdb.com/api/playerImage/694201939726041249,rw
1077684373207404585,taZ,England,Lisbon FC,85,https://psafdb.com/api/playerImage/1077684373207404585,GK
590576861096968203,#NAME?,Turkiye,Brexit City FC,85,https://psafdb.com/api/playerImage/590576861096968203,CM
1074124532559913081,SmokingKipper,England,Lisbon FC,80,https://psafdb.com/api/playerImage/1074124532559913081,GK
744953077550809114,Khaled,Saudi Arabia,Chelsea United,82,https://psafdb.com/api/playerImage/744953077550809114,lb
767559650261467189,Ellipsis,Scotland,OG FC,82,https://psafdb.com/api/playerImage/767559650261467189,lw
723468609288142861,DupsonToKox,Poland,Mystic FC,78,https://psafdb.com/api/playerImage/723468609288142861,lw
995707776527499386,dest,Turkiye,Lisbon FC,75,https://psafdb.com/api/playerImage/995707776527499386,RW
373789198341111820,Eyzord,France,Ball Wonder FC,83,https://psafdb.com/api/playerImage/373789198341111820,rw
736917633537933373,ormalord,Ukraine,Free Agent,79,https://psafdb.com/api/playerImage/736917633537933373,cm
1098713166394949712,Ufofly,Sweden,CA Osasuna,69,https://psafdb.com/api/playerImage/1098713166394949712,lb
798940066247606353,sompy,Norway,Valhalla FC,78,https://psafdb.com/api/playerImage/798940066247606353,RCB
961308431216705586,Calvinho,Spain,Lacedemonia CF,79,https://psafdb.com/api/playerImage/961308431216705586,lb
514516823149117460,Berkay Bencegay,Germany,Mahmut Tuncer FC,76,https://psafdb.com/api/playerImage/514516823149117460,cb
955470596752420944,"Tyler, The Creator",Italy,Ares United,83,https://psafdb.com/api/playerImage/955470596752420944,cb
341683370784456705,shepo,Turkiye,Montréal FC,78,https://psafdb.com/api/playerImage/341683370784456705,rw
1063187967428014201,doom,Turkiye,Anatolian Leopards FC,83,https://psafdb.com/api/playerImage/1063187967428014201,cm
796391209584033812,! akin.,Hungary,Artemis FC,73,https://psafdb.com/api/playerImage/796391209584033812,rw
809139121729699870,null,Turkiye,FC Rzeszów,74,https://psafdb.com/api/playerImage/809139121729699870,rw
909490497335230484,JimJim,Germany,FC Virtuoz,84,https://psafdb.com/api/playerImage/909490497335230484,GK
227641668973625344,Element,Romania,Bearington FC,73,https://psafdb.com/api/playerImage/227641668973625344,cm
581088250802864141,Kuba,Poland,Free Agent,75,https://psafdb.com/api/playerImage/581088250802864141,cm
344016544776454144,EbkLord,Turkiye,OG FC,80,https://psafdb.com/api/playerImage/344016544776454144,lb
765848238510178335,kromes,Turkiye,Free Agent,73,https://psafdb.com/api/playerImage/765848238510178335,GK
929092619370369094,sina,Turkiye,Free Agent,77,https://psafdb.com/api/playerImage/929092619370369094,N/A
711948373657124914,danielpancu,Turkiye,VFB Leipzig,83,https://psafdb.com/api/playerImage/711948373657124914,gk
1042454606153781278,re7dy,Scotland,Greenlink FC,84,https://psafdb.com/api/playerImage/1042454606153781278,lb
537343424215384064,Makima,Germany,Valhalla FC,77,https://psafdb.com/api/playerImage/537343424215384064,N/A
732635503169634384,westnic26,Poland,Pau FC,84,https://psafdb.com/api/playerImage/732635503169634384,gk
477855800665178112,Alphard,Turkiye,Brexit City FC,75,https://psafdb.com/api/playerImage/477855800665178112,rb
795332248593235998,bexa,Turkiye,Lisbon FC,82,https://psafdb.com/api/playerImage/795332248593235998,lw
368115588783931393,GaZ,Germany,Free Agent,82,https://psafdb.com/api/playerImage/368115588783931393,rb
720033613848117351,Darwin,England,Drillas,75,https://psafdb.com/api/playerImage/720033613848117351,rb
837089301493579816,Kyndra,Turkiye,Mahmut Tuncer FC,83,https://psafdb.com/api/playerImage/837089301493579816,RCM
352473070197538837,epx,Turkiye,Hellfire Club,79,https://psafdb.com/api/playerImage/352473070197538837,rb
784007690090971176,M2 HACIOSMAN-YEN?KAPI METRO,Turkiye,Çoraban FK,73,https://psafdb.com/api/playerImage/784007690090971176,null
1306651614282780684,Claine,Turkiye,Titan FC,75,https://psafdb.com/api/playerImage/1306651614282780684,RW
388761779616088065,LightYagami,Morocco,Anatolian Leopards FC,74,https://psafdb.com/api/playerImage/388761779616088065,lb
341682135901405186,Nope,Turkiye,Free Agent,76,https://psafdb.com/api/playerImage/341682135901405186,lb
801425989593858058,??????????,Germany,Mystic FC,77,https://psafdb.com/api/playerImage/801425989593858058,GK
780413380363419658,Riboss,Poland,OG FC,79,https://psafdb.com/api/playerImage/780413380363419658,RB
963708809858129960,yumehhh,Russia,Baltazar Boys,75,https://psafdb.com/api/playerImage/963708809858129960,lb
274573316591714306,hapf,Turkiye,Esperion,81,https://psafdb.com/api/playerImage/274573316591714306,rb
700700551964262420,U_Endless,Turkiye,Hellfire Club,83,https://psafdb.com/api/playerImage/700700551964262420,cm
873511333960761354,absc,Germany,Titan FC,73,https://psafdb.com/api/playerImage/873511333960761354,lb
960603574772068403,Itamx,Poland,VFB Leipzig,83,https://psafdb.com/api/playerImage/960603574772068403,rw
569869578042081290,! Freazy,Turkiye,Avalanche Glacier,83,https://psafdb.com/api/playerImage/569869578042081290,cm
1275810472410480734,SolskjaerTalks,Turkiye,Çoraban FK,64,https://psafdb.com/api/playerImage/1275810472410480734,LB
1030474467203350548,JOE34,UnitedArab Emirates,Free Agent,82,https://psafdb.com/api/playerImage/1030474467203350548,RB
643896690289672242,kapa,Poland,Lisbon FC,82,https://psafdb.com/api/playerImage/643896690289672242,CB
615177853339959301,pop,Italy,Valhalla FC,72,https://psafdb.com/api/playerImage/615177853339959301,rb
1252871041152454708,crawl,Turkiye,Baltazar Boys,78,https://psafdb.com/api/playerImage/1252871041152454708,rcm
830068445286236210,Klahe,Turkiye,Çoraban FK,71,https://psafdb.com/api/playerImage/830068445286236210,lw
593042555264827403,?????.,Kuwait,Titan FC,79,https://psafdb.com/api/playerImage/593042555264827403,CM
1203801824038096986,rey,England,Ball Wonder FC,78,https://psafdb.com/api/playerImage/1203801824038096986,lb
1115325952495472762,Tum,Netherlands,Titan FC,81,https://psafdb.com/api/playerImage/1115325952495472762,lw
659480214778413077,Davtoo,Scotland,Greenlink FC,88,https://psafdb.com/api/playerImage/659480214778413077,lw
638758208688750604,faze_hanns,Germany,Ball Wonder FC,80,https://psafdb.com/api/playerImage/638758208688750604,CM
729326248991653959,???????.??.???,Poland,Outliers Athletic,83,https://psafdb.com/api/playerImage/729326248991653959,RW
738690796483510282,Danny.,Sweden,Mystic FC,78,https://psafdb.com/api/playerImage/738690796483510282,lw
814418300922232842,eksande,Netherlands,OG FC,79,https://psafdb.com/api/playerImage/814418300922232842,gk
493526969242353682,osheto,Spain,Valhalla FC,80,https://psafdb.com/api/playerImage/493526969242353682,gk
435448843677466624,Zeus?,Russia,Pau FC,82,https://psafdb.com/api/playerImage/435448843677466624,RB
735667285976416307,Zighele,Italy,Free Agent,84,https://psafdb.com/api/playerImage/735667285976416307,rw
684801173693399079,Be?sts,England,Drillas,80,https://psafdb.com/api/playerImage/684801173693399079,lb
600967220738392075,Tejkoz,Poland,Portsmouth FC,75,https://psafdb.com/api/playerImage/600967220738392075,lb
322603161942753283,Ivavvik,Russia,FC Virtuoz,74,https://psafdb.com/api/playerImage/322603161942753283,RB
281401249876934657,Xabo.none*,Turkiye,Wembley Guardians,75,https://psafdb.com/api/playerImage/281401249876934657,lst
456936548722802698,HiXu,Poland,Ares United,85,https://psafdb.com/api/playerImage/456936548722802698,gk
561610851245621249,Richie,Netherlands,Leeds United FC,87,https://psafdb.com/api/playerImage/561610851245621249,lb
635358325189509120,qualt,Russia,Mystic FC,75,https://psafdb.com/api/playerImage/635358325189509120,LB
1239287437805617274,Ege,Turkiye,Avalanche Glacier,77,https://psafdb.com/api/playerImage/1239287437805617274,GK
1136736963936911360,TheoHernandez,Turkiye,Samsunspor,75,https://psafdb.com/api/playerImage/1136736963936911360,LB
1119521922124881952,SIGMKUBIKSIGMKUT777,Poland,FC Rzeszów,72,https://psafdb.com/api/playerImage/1119521922124881952,gk
593542855260241963,Shous,Turkiye,Free Agent,84,https://psafdb.com/api/playerImage/593542855260241963,rw
371845875640565760,ad1qua,Romania,Ball Wonder FC,77,https://psafdb.com/api/playerImage/371845875640565760,cm
1254841473032126466,Nikolaj,Germany,Artemis FC,75,https://psafdb.com/api/playerImage/1254841473032126466,lw
488797233521754132,Kemal,Turkiye,Free Agent,75,https://psafdb.com/api/playerImage/488797233521754132,GK
1125720536857722970,felo,Poland,FC Rzeszów,72,https://psafdb.com/api/playerImage/1125720536857722970,gk
834879299236134913,Knuffel,Germany,Lisbon FC,83,https://psafdb.com/api/playerImage/834879299236134913,LW
795672422975799296,Ren,Turkiye,Free Agent,80,https://psafdb.com/api/playerImage/795672422975799296,RW
751701211400634369,fatihterim,Turkiye,Chelsea United,86,https://psafdb.com/api/playerImage/751701211400634369,LB
697443713667825664,MoonRip,Turkiye,Esperion,82,https://psafdb.com/api/playerImage/697443713667825664,gk
771799567174991893,ares,Hungary,Bearington FC,68,https://psafdb.com/api/playerImage/771799567174991893,lw
422065715726778368,bright,Turkiye,Esperion,83,https://psafdb.com/api/playerImage/422065715726778368,LCM
1097574199238869155,before pasha,Turkiye,Bearington FC,73,https://psafdb.com/api/playerImage/1097574199238869155,cm
554397054303076355,Dinci,Bosnia and Herzegovina,Baltazar Boys,81,https://psafdb.com/api/playerImage/554397054303076355,RW
741238981945065502,foorkyy,Netherlands,Polg FC,82,https://psafdb.com/api/playerImage/741238981945065502,lw
874280886714105857,Philip1,Poland,Artemis FC,78,https://psafdb.com/api/playerImage/874280886714105857,rw
736353079053647872,Zhet,Bosnia and Herzegovina,Drillas,78,https://psafdb.com/api/playerImage/736353079053647872,CM
1305912351559647254,Navi,Bulgaria,Samsunspor,75,https://psafdb.com/api/playerImage/1305912351559647254,rb
736897481618489374,Ragon,Turkiye,US Ávila,82,https://psafdb.com/api/playerImage/736897481618489374,cm
775665740950143046,KpY,Turkiye,Guards United,76,https://psafdb.com/api/playerImage/775665740950143046,gk
341244221593747457,LypeNn,France,Free Agent,81,https://psafdb.com/api/playerImage/341244221593747457,N/A
634444805208014863,yamiltare,Romania,Ball Wonder FC,77,https://psafdb.com/api/playerImage/634444805208014863,LW
813721560568823869,Sanji,Turkiye,Chelsea United,81,https://psafdb.com/api/playerImage/813721560568823869,rst
684096704005537829,Carsex,Italy,FP Sicilia 2019,82,https://psafdb.com/api/playerImage/684096704005537829,rw
1136221496889593928,TR | ?l???nd?r-?rn?ld??,Turkiye,Mystic FC,72,https://psafdb.com/api/playerImage/1136221496889593928,LB
1195388151544414242,Manny,Turkiye,Free Agent,80,https://psafdb.com/api/playerImage/1195388151544414242,null
1146952099570126888,stoguu,Poland,Free Agent,80,https://psafdb.com/api/playerImage/1146952099570126888,gk
852654105302269992,"34et6346t3463456ty ?kpo???po,,",Turkiye,Luton Town FC,87,https://psafdb.com/api/playerImage/852654105302269992,RW
600751489907949618,Kai,England,Hydraspor FK,81,https://psafdb.com/api/playerImage/600751489907949618,lb
286159852974243840,gog,England,Lase FC,82,https://psafdb.com/api/playerImage/286159852974243840,rw
772219575512203264,Kuyt,Turkiye,Anatolian Leopards FC,81,https://psafdb.com/api/playerImage/772219575512203264,lw
987713316975697980,Lyueq,Turkiye,Free Agent,70,https://psafdb.com/api/playerImage/987713316975697980,gk
414459646644846592,Hasbulla,Poland,Free Agent,78,https://psafdb.com/api/playerImage/414459646644846592,RW
704431695373402253,meady,England,Brexit City FC,83,https://psafdb.com/api/playerImage/704431695373402253,rw
565886669656686622,LUCA67,Scotland,Brexit City FC,87,https://psafdb.com/api/playerImage/565886669656686622,cb
215926886268796929,Jxmes,England,Portsmouth FC,82,https://psafdb.com/api/playerImage/215926886268796929,lb
278482355755155457,LALLAREN#1,Sweden,VFB Leipzig,85,https://psafdb.com/api/playerImage/278482355755155457,gk
774388327636926505,hurky,Portugal,Drillas,75,https://psafdb.com/api/playerImage/774388327636926505,lb
678658216304967721,Yori,Spain,Lacedemonia CF,75,https://psafdb.com/api/playerImage/678658216304967721,rb
1175465462314844234,SEKA? BABU?,Turkiye,Free Agent,81,https://psafdb.com/api/playerImage/1175465462314844234,rw
438994302014717952,zey,Germany,Pau FC,92,https://psafdb.com/api/playerImage/438994302014717952,LW
872549141555843082,Nordmann,Brazil,Lisbon FC,77,https://psafdb.com/api/playerImage/872549141555843082,rw
1114300176459374643,Goatpepper,England,Greenlink FC,82,https://psafdb.com/api/playerImage/1114300176459374643,cm
980910442815836201,daghan,Romania,Outliers Athletic,83,https://psafdb.com/api/playerImage/980910442815836201,rw
580048372870938674,Noob,Italy,Valhalla FC,76,https://psafdb.com/api/playerImage/580048372870938674,RB
627833938643255306,dagon,Turkiye,Free Agent,81,https://psafdb.com/api/playerImage/627833938643255306,LB
1114830660100702280,bartek,Poland,Wembley Guardians,79,https://psafdb.com/api/playerImage/1114830660100702280,rb
732679433135063070,samu,Germany,Luton Town FC,81,https://psafdb.com/api/playerImage/732679433135063070,RW
651830178066202634,!Uçanku? Soykan,Turkiye,Luton Town FC,89,https://psafdb.com/api/playerImage/651830178066202634,rb
1147915309097947268,philip,Saudi Arabia,Titan FC,77,https://psafdb.com/api/playerImage/1147915309097947268,RW
800415570993348630,Norvydukas,England,CA Osasuna,72,https://psafdb.com/api/playerImage/800415570993348630,lw
290066271662243840,bet.,Turkiye,Leeds United FC,81,https://psafdb.com/api/playerImage/290066271662243840,cb
122497691451260930,eric_clive,England,Free Agent,77,https://psafdb.com/api/playerImage/122497691451260930,LB
842854783328976897,jayce,Turkiye,Esperion,82,https://psafdb.com/api/playerImage/842854783328976897,RB
816330460405694476,curse.,Germany,Luton Town FC,82,https://psafdb.com/api/playerImage/816330460405694476,GK
965181405439078401,giorgi,England,CA Osasuna,72,https://psafdb.com/api/playerImage/965181405439078401,gk
747074925294256138,Huntrain,Turkiye,FC Virtuoz,87,https://psafdb.com/api/playerImage/747074925294256138,cb
515947280705257502,Eneyemaykey,Turkiye,Artemis FC,75,https://psafdb.com/api/playerImage/515947280705257502,rb
780823165085548574,Arcticfirefly,England,Free Agent,75,https://psafdb.com/api/playerImage/780823165085548574,LW
1256940064655802479,kromes,Turkiye,Wembley Guardians,76,https://psafdb.com/api/playerImage/1256940064655802479,gk
905462941762093128,El señor de los kebabs,Spain,Lacedemonia CF,80,https://psafdb.com/api/playerImage/905462941762093128,RB
845275160570232862,dorukhan,Turkiye,Free Agent,80,https://psafdb.com/api/playerImage/845275160570232862,GK
750056590379319346,Alxnn,Poland,Baltazar Boys,79,https://psafdb.com/api/playerImage/750056590379319346,gk
424497174106079263,Laycon,Poland,FC Virtuoz,87,https://psafdb.com/api/playerImage/424497174106079263,RW
983677088462675988,Rac!?,Turkiye,Samsunspor,75,https://psafdb.com/api/playerImage/983677088462675988,LB
219016382233182209,Swanky,France,Ball Wonder FC,77,https://psafdb.com/api/playerImage/219016382233182209,cm
343520913418878976,VuemX,Turkiye,Mahmut Tuncer FC,80,https://psafdb.com/api/playerImage/343520913418878976,RB
692767458288861184,orangyy77,Ukraine,Brexit City FC,84,https://psafdb.com/api/playerImage/692767458288861184,lw
783680876588433438,Mce,Turkiye,Free Agent,76,https://psafdb.com/api/playerImage/783680876588433438,CM
852984172741132308,joao,Portugal,Wembley Guardians,82,https://psafdb.com/api/playerImage/852984172741132308,cm
1170474529986986108,Gury,Brazil,Nemesis City FC,74,https://psafdb.com/api/playerImage/1170474529986986108,CM
1218876785689890896,Xabee,Poland,Luton Town FC,79,https://psafdb.com/api/playerImage/1218876785689890896,lw
500748445024387092,Pan.Hero,Poland,Bearington FC,74,https://psafdb.com/api/playerImage/500748445024387092,gk
597198490132676618,VOLKAN DEMIREL,Turkiye,Free Agent,75,https://psafdb.com/api/playerImage/597198490132676618,gk
1258565731348381727,raider,Poland,Lunar Legion FC,72,https://psafdb.com/api/playerImage/1258565731348381727,rw
1132023097508249671,MibemiX,Poland,FP Sicilia 2019,77,https://psafdb.com/api/playerImage/1132023097508249671,CM
647026978330771465,Gabriel Jesus,Turkiye,Mystic FC,76,https://psafdb.com/api/playerImage/647026978330771465,RW
466461749202255881,Dome_,Lithuania,Lisbon FC,78,https://psafdb.com/api/playerImage/466461749202255881,cm
410519385304727564,Özer,Turkiye,Mahmut Tuncer FC,78,https://psafdb.com/api/playerImage/410519385304727564,cm
905169797380190249,sheesh kebab,England,Valhalla FC,78,https://psafdb.com/api/playerImage/905169797380190249,cm
1020614293881897041,! erdem,Turkiye,Free Agent,78,https://psafdb.com/api/playerImage/1020614293881897041,CM
531206005519024128,starfruit,Germany,Free Agent,77,https://psafdb.com/api/playerImage/531206005519024128,RB
528257759360319488,libo,Denmark,Greenlink FC,84,https://psafdb.com/api/playerImage/528257759360319488,rw
1130092692823605299,Samaras,Turkiye,Samsunspor,71,https://psafdb.com/api/playerImage/1130092692823605299,lw
962801234463555624,Hazza,Wales,Luton Town FC,79,https://psafdb.com/api/playerImage/962801234463555624,rw
382525362057510913,zabuzawglasses,Turkiye,Free Agent,77,https://psafdb.com/api/playerImage/382525362057510913,CM
1050429517224738878,RATO,Turkiye,Free Agent,78,https://psafdb.com/api/playerImage/1050429517224738878,LB
757288291874897970,legolas,Turkiye,Anatolian Leopards FC,78,https://psafdb.com/api/playerImage/757288291874897970,rb
692763196427075614,yahya_animation,Egypt,Drillas,72,https://psafdb.com/api/playerImage/692763196427075614,lw
921048920531021875,?,Italy,VFB Leipzig,83,https://psafdb.com/api/playerImage/921048920531021875,rw
666761723536998461,endrick.,Turkiye,Wembley Guardians,83,https://psafdb.com/api/playerImage/666761723536998461,CM
1240750789274894346,Haktan,Turkiye,Mahmut Tuncer FC,82,https://psafdb.com/api/playerImage/1240750789274894346,CM
456445242204225538,chanke,Italy,Free Agent,74,https://psafdb.com/api/playerImage/456445242204225538,N/A
320160750708457473,Maxsima,Turkiye,Free Agent,89,https://psafdb.com/api/playerImage/320160750708457473,N/A
378620147272908816,Efe-,Turkiye,FP Sicilia 2019,85,https://psafdb.com/api/playerImage/378620147272908816,lb
762699258213695519,H3NR1JS,Latvia,Hydraspor FK,83,https://psafdb.com/api/playerImage/762699258213695519,cm
1143660604872216678,aspect,England,Brexit City FC,87,https://psafdb.com/api/playerImage/1143660604872216678,RW
349206559953387521,Raks,Turkiye,Ball Wonder FC,80,https://psafdb.com/api/playerImage/349206559953387521,rb
919621482240417953,mrazoo,France,FC Virtuoz,87,https://psafdb.com/api/playerImage/919621482240417953,LST
469516521140518925,Manu 17,Spain,Lacedemonia CF,86,https://psafdb.com/api/playerImage/469516521140518925,lw
914450406891995237,Berlin,Turkiye,Hellfire Club,77,https://psafdb.com/api/playerImage/914450406891995237,RW
853270819265708082,!Feng Min,Turkiye,Guards United,80,https://psafdb.com/api/playerImage/853270819265708082,lw
587903521676853273,SH!,Egypt,Portsmouth FC,80,https://psafdb.com/api/playerImage/587903521676853273,lb
520306626008186901,Chardoxys,Switzerland,Lisbon FC,81,https://psafdb.com/api/playerImage/520306626008186901,lb
776440050099290124,my broski,Poland,Free Agent,73,https://psafdb.com/api/playerImage/776440050099290124,rb
698269346572533790,nekro,Turkiye,Samsunspor,76,https://psafdb.com/api/playerImage/698269346572533790,rb
934421400964460564,s,Morocco,FP Sicilia 2019,76,https://psafdb.com/api/playerImage/934421400964460564,rw
382223160331862018,wiciu,Poland,Wembley Guardians,78,https://psafdb.com/api/playerImage/382223160331862018,rb
1133455474717630704,Pasam,Russia,Drillas,78,https://psafdb.com/api/playerImage/1133455474717630704,RW
185835765559853056,yosh4,England,Free Agent,88,https://psafdb.com/api/playerImage/185835765559853056,CM
377539127853318146,Rayapt,Latvia,Free Agent,79,https://psafdb.com/api/playerImage/377539127853318146,rw
925437327428444170,kavashi.,Turkiye,Chelsea United,86,https://psafdb.com/api/playerImage/925437327428444170,rb
632980151923245056,rubeencarrionn,Spain,Free Agent,79,https://psafdb.com/api/playerImage/632980151923245056,rb
416340910599700500,sqert,Poland,Free Agent,75,https://psafdb.com/api/playerImage/416340910599700500,LW
795087320251760671,feato,Netherlands,OG FC,85,https://psafdb.com/api/playerImage/795087320251760671,LB
1190959533258965062,OnA,Turkiye,Free Agent,80,https://psafdb.com/api/playerImage/1190959533258965062,LW
547538570588454912,Shmleon,Wales,Lase FC,83,https://psafdb.com/api/playerImage/547538570588454912,rb
444482495442845696,Lisbaa,Estonia,Lase FC,80,https://psafdb.com/api/playerImage/444482495442845696,cb
368023556061134849,????,Malta,OG FC,83,https://psafdb.com/api/playerImage/368023556061134849,cm
416709727398002709,scorpion,Morocco,Baltazar Boys,83,https://psafdb.com/api/playerImage/416709727398002709,lb
665664131918987298,k,England,Titan FC,79,https://psafdb.com/api/playerImage/665664131918987298,CB
618094104068489217,Blupanda,England,Titan FC,79,https://psafdb.com/api/playerImage/618094104068489217,cm
533685303853056001,Stachu,Poland,Hydraspor FK,73,https://psafdb.com/api/playerImage/533685303853056001,GK
477545888777109527,Toothless,Turkiye,Artemis FC,78,https://psafdb.com/api/playerImage/477545888777109527,gk
457934650111819786,o pensador,Italy,Titan FC,83,https://psafdb.com/api/playerImage/457934650111819786,LW
456154258300076042,?????,Greece,Outliers Athletic,77,https://psafdb.com/api/playerImage/456154258300076042,lb
764178432711589978,lysy,Poland,Free Agent,78,https://psafdb.com/api/playerImage/764178432711589978,lb
492380959195267073,VULT,Poland,Bearington FC,74,https://psafdb.com/api/playerImage/492380959195267073,rb
388316619320852485,?KI??O,Algeria,Ares United,75,https://psafdb.com/api/playerImage/388316619320852485,rcm
303608234541842443,WINTERSUN,Spain,Free Agent,80,https://psafdb.com/api/playerImage/303608234541842443,gk
361129408104497153,DundralCZ,Czechia,Leeds United FC,74,https://psafdb.com/api/playerImage/361129408104497153,gk
536880309195767808,SoyKqn,Turkiye,Free Agent,77,https://psafdb.com/api/playerImage/536880309195767808,RB
162969136148905984,Chaz,England,Greenlink FC,83,https://psafdb.com/api/playerImage/162969136148905984,RW
538448052210499595,Abou,Morocco,Chelsea United,87,https://psafdb.com/api/playerImage/538448052210499595,LW
801039425374257153,Snop,Slovakia,VFB Leipzig,80,https://psafdb.com/api/playerImage/801039425374257153,lb
555003542117810177,Arda,Turkiye,FP Sicilia 2019,80,https://psafdb.com/api/playerImage/555003542117810177,lcm
574964338369232916,japko,Poland,FC Virtuoz,81,https://psafdb.com/api/playerImage/574964338369232916,lb
970350367709732894,redcountry,Turkiye,Ball Wonder FC,79,https://psafdb.com/api/playerImage/970350367709732894,rst
482582147522101270,tye,Morocco,Polg FC,84,https://psafdb.com/api/playerImage/482582147522101270,rb
1083339175371214858,Lus?,England,Luton Town FC,94,https://psafdb.com/api/playerImage/1083339175371214858,CM
302054616114135041,Syph0,England,Baltazar Boys,81,https://psafdb.com/api/playerImage/302054616114135041,LB
417981986800664576,AlexAndersNL,Netherlands,Free Agent,84,https://psafdb.com/api/playerImage/417981986800664576,gk
1266879120919498814,Murat,Turkiye,Luton Town FC,86,https://psafdb.com/api/playerImage/1266879120919498814,lw
584475697351884801,marNoe,Spain,Lacedemonia CF,77,https://psafdb.com/api/playerImage/584475697351884801,rst
733670586114637865,neoG,Poland,VFB Leipzig,76,https://psafdb.com/api/playerImage/733670586114637865,rb
570706272018497537,Deeper,Morocco,Outliers Athletic,76,https://psafdb.com/api/playerImage/570706272018497537,rb
1220375301494673478,SECDEC? <3,Turkiye,Free Agent,81,https://psafdb.com/api/playerImage/1220375301494673478,RB
689573110785245262,Tonino1,Italy,Free Agent,83,https://psafdb.com/api/playerImage/689573110785245262,RW
341055842948218886,wecks,Scotland,Luton Town FC,84,https://psafdb.com/api/playerImage/341055842948218886,gk
925072897234591754,Sandie,Norway,Free Agent,79,https://psafdb.com/api/playerImage/925072897234591754,null
654799963079049227,chip,Poland,Drillas,84,https://psafdb.com/api/playerImage/654799963079049227,cm
694974782588059759,Duggo,Romania,Titan FC,75,https://psafdb.com/api/playerImage/694974782588059759,RCM
1002329806458863757,EMOTION,Northern Ireland,Luton Town FC,89,https://psafdb.com/api/playerImage/1002329806458863757,rw
621289305465290762,Semmyx,Ukraine,Free Agent,73,https://psafdb.com/api/playerImage/621289305465290762,LB
518482073863061505,VaLe.,Turkiye,Hellfire Club,77,https://psafdb.com/api/playerImage/518482073863061505,gk
156945494008922112,Aras,Iceland,Lase FC,80,https://psafdb.com/api/playerImage/156945494008922112,gk
851377837339836417,Yag?z,Turkiye,Free Agent,78,https://psafdb.com/api/playerImage/851377837339836417,CM
652956986253770752,TRW,Turkiye,Free Agent,60,https://psafdb.com/api/playerImage/652956986253770752,gk
399260348336570388,I.Niko<3,Ukraine,Montréal FC,73,https://psafdb.com/api/playerImage/399260348336570388,lb
761247274437181510,H4RXN,Bosnia and Herzegovina,Valhalla FC,78,https://psafdb.com/api/playerImage/761247274437181510,GK
246994979736649728,Niv,Netherlands,Polg FC,80,https://psafdb.com/api/playerImage/246994979736649728,LB
190441770390257664,kahspp,Turkiye,Free Agent,70,https://psafdb.com/api/playerImage/190441770390257664,rw
534655628078088192,R.Quaresma,Turkiye,Nemesis City FC,76,https://psafdb.com/api/playerImage/534655628078088192,gk
627218623760433186,Alper,Czechia,Ball Wonder FC,81,https://psafdb.com/api/playerImage/627218623760433186,gk
438775052117213186,nord #freembabu,England,Greenlink FC,82,https://psafdb.com/api/playerImage/438775052117213186,CM
604015828794343434,sata,Turkiye,Guards United,80,https://psafdb.com/api/playerImage/604015828794343434,lw
964888201418391592,! RQ???,Saudi Arabia,Free Agent,74,https://psafdb.com/api/playerImage/964888201418391592,rw
647376947852083200,BagelBL,Turkiye,Mahmut Tuncer FC,75,https://psafdb.com/api/playerImage/647376947852083200,GK
996022277772681266,TommeX,Germany,Outliers Athletic,78,https://psafdb.com/api/playerImage/996022277772681266,GK
793269657174933525,Fat Ginge,Scotland,Valhalla FC,76,https://psafdb.com/api/playerImage/793269657174933525,lw
923216627057705020,camavinga,Spain,Wembley Guardians,80,https://psafdb.com/api/playerImage/923216627057705020,lw
388690266975895554,lých,Turkiye,Chelsea United,83,https://psafdb.com/api/playerImage/388690266975895554,lcm
576363443553042433,Raul,Romania,Free Agent,77,https://psafdb.com/api/playerImage/576363443553042433,N/A
358969349182062593,vrtx,Poland,Free Agent,79,https://psafdb.com/api/playerImage/358969349182062593,rw
986972411385774081,Hasbulla,Poland,Polg FC,76,https://psafdb.com/api/playerImage/986972411385774081,lw
792332176158752771,cian.,Northern Ireland,Drillas,79,https://psafdb.com/api/playerImage/792332176158752771,GK
127618408438038528,GoobusMcGoob,England,Titan FC,81,https://psafdb.com/api/playerImage/127618408438038528,gk
544967901350985728,Shepretus,Turkiye,Free Agent,76,https://psafdb.com/api/playerImage/544967901350985728,GK
1216028609417052282,enoxea,England,Greenlink FC,84,https://psafdb.com/api/playerImage/1216028609417052282,LW
964356848482385950,Siren | Lily :3,England,Lase FC,82,https://psafdb.com/api/playerImage/964356848482385950,rw
942746822437371916,lolwhy236,Sweden,Mystic FC,68,https://psafdb.com/api/playerImage/942746822437371916,cm
1233838427418660956,masterbaster2,Poland,Drillas,76,https://psafdb.com/api/playerImage/1233838427418660956,lb
417015352690475018,corvinius,Denmark,Baltazar Boys,83,https://psafdb.com/api/playerImage/417015352690475018,rw
552538857740959754,???????,Poland,Baltazar Boys,77,https://psafdb.com/api/playerImage/552538857740959754,RB
702467420081750048,Dem1r,Turkiye,Brexit City FC,86,https://psafdb.com/api/playerImage/702467420081750048,lw
815226137021513758,Pelkasinho,Turkiye,Hellfire Club,80,https://psafdb.com/api/playerImage/815226137021513758,RB
540112477678206977,Derjious,Turkiye,Free Agent,84,https://psafdb.com/api/playerImage/540112477678206977,CM
1003621560789237852,Max,Netherlands,Baltazar Boys,83,https://psafdb.com/api/playerImage/1003621560789237852,LW
90747930985652224,Nym,France,Free Agent,83,https://psafdb.com/api/playerImage/90747930985652224,RB
696021024302432256,Wanderer,Turkiye,Mahmut Tuncer FC,69,https://psafdb.com/api/playerImage/696021024302432256,gk
779809254453674004,OMAR,Egypt,Mystic FC,72,https://psafdb.com/api/playerImage/779809254453674004,lw
273014107542781953,dr.Mr2m,Turkiye,Montréal FC,73,https://psafdb.com/api/playerImage/273014107542781953,gk
793909571885858847,efe33t,Turkiye,VFB Leipzig,82,https://psafdb.com/api/playerImage/793909571885858847,lb
214683316626915328,Linnkss,France,Ball Wonder FC,82,https://psafdb.com/api/playerImage/214683316626915328,cb
1145313913798393876,adi,Romania,Free Agent,80,https://psafdb.com/api/playerImage/1145313913798393876,RB
1228708171669962796,melonefc2,Germany,Lisbon FC,76,https://psafdb.com/api/playerImage/1228708171669962796,gk
1119519186591416380,null,Poland,FC Rzeszów,71,https://psafdb.com/api/playerImage/1119519186591416380,rb
858669136518971412,yhrxox(COME BACK),Turkiye,Guards United,77,https://psafdb.com/api/playerImage/858669136518971412,gk
1129527518307831964,Jaycy,Wales,Lase FC,77,https://psafdb.com/api/playerImage/1129527518307831964,gk
1064690189844365373,P4GBA,Scotland,OG FC,80,https://psafdb.com/api/playerImage/1064690189844365373,cm
1129803859536121907,monkey,Germany,Leeds United FC,85,https://psafdb.com/api/playerImage/1129803859536121907,lw
696719161614926005,Ice_Spirit,England,FC Virtuoz,85,https://psafdb.com/api/playerImage/696719161614926005,RB
1251464857241255966,yagiz.ftbl,Turkiye,Mystic FC,76,https://psafdb.com/api/playerImage/1251464857241255966,LW
220798581567651841,szy,Poland,Free Agent,84,https://psafdb.com/api/playerImage/220798581567651841,gk
332890645473656834,Aquatex,Turkiye,Chelsea United,85,https://psafdb.com/api/playerImage/332890645473656834,rb
704682546738364517,Ahmet,Germany,FC Virtuoz,85,https://psafdb.com/api/playerImage/704682546738364517,LW
1014662070224048240,Pedrerol,Spain,Lacedemonia CF,70,https://psafdb.com/api/playerImage/1014662070224048240,lw
768861137453318144,lex,Turkiye,Chelsea United,82,https://psafdb.com/api/playerImage/768861137453318144,lst
859769574631407638,viany,Turkiye,Free Agent,77,https://psafdb.com/api/playerImage/859769574631407638,LW
848172240821289001,s a p o 4 4 ?,Spain,Free Agent,72,https://psafdb.com/api/playerImage/848172240821289001,lb
1124743121977221251,sean,England,CA Osasuna,77,https://psafdb.com/api/playerImage/1124743121977221251,LB
770340058326368296,OrProz,Turkiye,Avalanche Glacier,67,https://psafdb.com/api/playerImage/770340058326368296,gk
397801183869403136,Flobbe,Sweden,OG FC,82,https://psafdb.com/api/playerImage/397801183869403136,lw
776071915910594580,Speedxs,Turkiye,Mystic FC,79,https://psafdb.com/api/playerImage/776071915910594580,cm
354364665943293952,Derdhal,Spain,Lunar Legion FC,74,https://psafdb.com/api/playerImage/354364665943293952,lb
853973773039566848,s,Turkiye,FP Sicilia 2019,84,https://psafdb.com/api/playerImage/853973773039566848,CM
790485104233021451,prim,Ukraine,Baltazar Boys,78,https://psafdb.com/api/playerImage/790485104233021451,GK
925055374275534850,Maldives,England,Free Agent,82,https://psafdb.com/api/playerImage/925055374275534850,null
427880246398681088,Rasa_VV,Portugal,OG FC,80,https://psafdb.com/api/playerImage/427880246398681088,lb
273027807830081536,Salight,Turkiye,Free Agent,80,https://psafdb.com/api/playerImage/273027807830081536,LB
482206869465858050,vyevd8,Greece,Lunar Legion FC,65,https://psafdb.com/api/playerImage/482206869465858050,rb
702905891363749911,lewn,Turkiye,Free Agent,81,https://psafdb.com/api/playerImage/702905891363749911,LW
870662737821315122,Cookie,Turkiye,Chelsea United,86,https://psafdb.com/api/playerImage/870662737821315122,cm
140213805018775553,LH,Scotland,Luton Town FC,85,https://psafdb.com/api/playerImage/140213805018775553,rb
868963076593025095,Luxer,Italy,Free Agent,79,https://psafdb.com/api/playerImage/868963076593025095,N/A
1082669848749944862,Deprem Çetesi,Turkiye,Samsunspor,75,https://psafdb.com/api/playerImage/1082669848749944862,gk
399534608611540995,Breezy,England,Polg FC,87,https://psafdb.com/api/playerImage/399534608611540995,GK
254562711625531393,Megafeya,Russia,Hydraspor FK,85,https://psafdb.com/api/playerImage/254562711625531393,cm
172732302625996800,JoKrus,Germany,Ball Wonder FC,70,https://psafdb.com/api/playerImage/172732302625996800,gk
728632665569361950,qua,Turkiye,VFB Leipzig,70,https://psafdb.com/api/playerImage/728632665569361950,GK
616315080090320896,yufeme,Turkiye,FC Rzeszów,75,https://psafdb.com/api/playerImage/616315080090320896,lw
269565950154506243,ShinSH,France,Pau FC,80,https://psafdb.com/api/playerImage/269565950154506243,GK
990916067067039754,EdisKangal,Germany,Pau FC,83,https://psafdb.com/api/playerImage/990916067067039754,RB
482655987426263063,iRaNdOmZ,England,OG FC,83,https://psafdb.com/api/playerImage/482655987426263063,RCM
706107001054167051,ice,Poland,Lisbon FC,75,https://psafdb.com/api/playerImage/706107001054167051,rw
680410138061832263,Aixl,England,Lisbon FC,76,https://psafdb.com/api/playerImage/680410138061832263,lw
495707397407375361,Resteel,France,Free Agent,83,https://psafdb.com/api/playerImage/495707397407375361,RB
543074511730245662,Ert?,Sweden,Luton Town FC,72,https://psafdb.com/api/playerImage/543074511730245662,LB
418357452644417557,Chewy,Netherlands,Drillas,76,https://psafdb.com/api/playerImage/418357452644417557,gk
732344591352856637,Rigssy,England,Luton Town FC,90,https://psafdb.com/api/playerImage/732344591352856637,LB
1184884871311671380,Jorge McLysy,Poland,Free Agent,76,https://psafdb.com/api/playerImage/1184884871311671380,lb
752881721178849422,0hLisek,Poland,US Ávila,76,https://psafdb.com/api/playerImage/752881721178849422,LW
801453045208580168,! Yamokaa,Turkiye,Mahmut Tuncer FC,72,https://psafdb.com/api/playerImage/801453045208580168,rw
751459180677824553,Sc4mPi,Turkiye,Anatolian Leopards FC,84,https://psafdb.com/api/playerImage/751459180677824553,lb
979760354911477770,Westrey,Turkiye,Avalanche Glacier,76,https://psafdb.com/api/playerImage/979760354911477770,lb
1042395448981336105,leww1q,Ukraine,Brexit City FC,85,https://psafdb.com/api/playerImage/1042395448981336105,gk
352804174322466816,Timhub,England,Lunar Legion FC,77,https://psafdb.com/api/playerImage/352804174322466816,cm
499181502131732481,denqty,Croatia,Hydraspor FK,79,https://psafdb.com/api/playerImage/499181502131732481,RW
1247550202101895189,Mark0,Netherlands,Baltazar Boys,83,https://psafdb.com/api/playerImage/1247550202101895189,rb
1089106364770570240,Fearifox,Turkiye,Hellfire Club,82,https://psafdb.com/api/playerImage/1089106364770570240,lw
775361696570671118,!? ruinéd,Turkiye,Samsunspor,68,https://psafdb.com/api/playerImage/775361696570671118,lw
681121665367015466,Erkan,Turkiye,Free Agent,77,https://psafdb.com/api/playerImage/681121665367015466,cm
1050850929521467482,Lef,Turkiye,FP Sicilia 2019,78,https://psafdb.com/api/playerImage/1050850929521467482,rst
129898569791438848,Prezzo,England,Hydraspor FK,78,https://psafdb.com/api/playerImage/129898569791438848,CM
1197002924958695564,Lucio,Netherlands,Greenlink FC,85,https://psafdb.com/api/playerImage/1197002924958695564,cm
458722951634616321,Mubi,Turkiye,Hellfire Club,79,https://psafdb.com/api/playerImage/458722951634616321,lb
847396816836100106,Charon,Bulgaria,Anatolian Leopards FC,78,https://psafdb.com/api/playerImage/847396816836100106,LB
733036796828581969,Bean,England,Free Agent,84,https://psafdb.com/api/playerImage/733036796828581969,RCM
1119533748422180864,Chmura,Poland,Pau FC,89,https://psafdb.com/api/playerImage/1119533748422180864,RW
842819308778553374,aditoby,Romania,Free Agent,76,https://psafdb.com/api/playerImage/842819308778553374,LW
915276201835261954,Wortex,Turkiye,Free Agent,72,https://psafdb.com/api/playerImage/915276201835261954,RW
566778881525284874,adridegin,Italy,Titan FC,85,https://psafdb.com/api/playerImage/566778881525284874,gk
391803073389133824,Nameprou,Spain,Lunar Legion FC,77,https://psafdb.com/api/playerImage/391803073389133824,gk
958113425257529364,Rudi,Poland,Wembley Guardians,81,https://psafdb.com/api/playerImage/958113425257529364,lb
939872227027992576,Julian,Germany,Lisbon FC,83,https://psafdb.com/api/playerImage/939872227027992576,RST
685786596062134282,Rale,Turkiye,Esperion,85,https://psafdb.com/api/playerImage/685786596062134282,rst
617725016649367552,Artis,Lithuania,Free Agent,74,https://psafdb.com/api/playerImage/617725016649367552,lw
698880059452162109,maestro,Morocco,Leeds United FC,83,https://psafdb.com/api/playerImage/698880059452162109,rb
430394481460903942,bera,Turkiye,Guards United,74,https://psafdb.com/api/playerImage/430394481460903942,gk
1275481428972277866,Kilo,Turkiye,Hellfire Club,74,https://psafdb.com/api/playerImage/1275481428972277866,GK
727471469541589054,dan,Spain,Lacedemonia CF,78,https://psafdb.com/api/playerImage/727471469541589054,cm
209739045457231872,.Bread,Sweden,Outliers Athletic,76,https://psafdb.com/api/playerImage/209739045457231872,lw
244842974985453568,Bec,Italy,Ares United,75,https://psafdb.com/api/playerImage/244842974985453568,lb
1033633040729112626,????,Sweden,Leeds United FC,84,https://psafdb.com/api/playerImage/1033633040729112626,lb
563679786199678976,??????,Scotland,VFB Leipzig,76,https://psafdb.com/api/playerImage/563679786199678976,cm
485470983356940288,Efe,Turkiye,Guards United,79,https://psafdb.com/api/playerImage/485470983356940288,rb
945353420922060880,quarexx,Turkiye,Free Agent,80,https://psafdb.com/api/playerImage/945353420922060880,cm
930717311558631475,marulla,Turkiye,Luton Town FC,82,https://psafdb.com/api/playerImage/930717311558631475,rst
608265793624604673,Freshuu.,Poland,Titan FC,81,https://psafdb.com/api/playerImage/608265793624604673,RW
590156172930187264,baranyex,Turkiye,Artemis FC,76,https://psafdb.com/api/playerImage/590156172930187264,cm
855583643405516841,albè,Italy,Free Agent,82,https://psafdb.com/api/playerImage/855583643405516841,N/A
1218876784066564167,Brunex,Poland,Free Agent,78,https://psafdb.com/api/playerImage/1218876784066564167,gk
394469039826665483,kabo,Turkiye,Ares United,85,https://psafdb.com/api/playerImage/394469039826665483,cm
613510900833452045,Deaster,Turkiye,Hellfire Club,81,https://psafdb.com/api/playerImage/613510900833452045,LCM
1109436558500691998,H?KE sixnine art?k,Turkiye,Esperion,84,https://psafdb.com/api/playerImage/1109436558500691998,rcm
610235375910256681,Prodax,Turkiye,FC Virtuoz,80,https://psafdb.com/api/playerImage/610235375910256681,lb
211422725141561345,Brodin,Bulgaria,Brexit City FC,84,https://psafdb.com/api/playerImage/211422725141561345,RB
356763178073456640,Checcow,Italy,Free Agent,83,https://psafdb.com/api/playerImage/356763178073456640,cm
577216138455416852,lota,Portugal,Wembley Guardians,80,https://psafdb.com/api/playerImage/577216138455416852,LB
756084130508439582,YEN? HESABA GEÇ?YORUM,Turkiye,Nemesis City FC,78,https://psafdb.com/api/playerImage/756084130508439582,rb
964151202411610154,Pedroukukuk,England,Luton Town FC,91,https://psafdb.com/api/playerImage/964151202411610154,LST
1048733460673601617,mater ?,Sweden,Free Agent,81,https://psafdb.com/api/playerImage/1048733460673601617,lw
128161695800623104,job,Sweden,Polg FC,77,https://psafdb.com/api/playerImage/128161695800623104,rb
727818692565532742,JIJIJIJA,England,Wembley Guardians,81,https://psafdb.com/api/playerImage/727818692565532742,lb
1129358216405471252,null,Ukraine,Ball Wonder FC,74,https://psafdb.com/api/playerImage/1129358216405471252,gk
862322831709831218,??,France,OG FC,83,https://psafdb.com/api/playerImage/862322831709831218,LW
1146993421811191858,zaho,Bulgaria,Chelsea United,82,https://psafdb.com/api/playerImage/1146993421811191858,RW
773644648391901224,#1,Italy,FP Sicilia 2019,85,https://psafdb.com/api/playerImage/773644648391901224,lw
457219604339490837,Pacinko,Serbia,Free Agent,82,https://psafdb.com/api/playerImage/457219604339490837,RW
938435370838790184,Louis,Turkiye,FC Virtuoz,73,https://psafdb.com/api/playerImage/938435370838790184,LW
446762784554876928,Eissu,Poland,Free Agent,71,https://psafdb.com/api/playerImage/446762784554876928,rb
1219753355417485353,Bertal,Turkiye,Guards United,73,https://psafdb.com/api/playerImage/1219753355417485353,lb
934758480907218944,RealJunior,Turkiye,Free Agent,84,https://psafdb.com/api/playerImage/934758480907218944,RW
1070735221361754232,aight,Turkiye,Free Agent,78,https://psafdb.com/api/playerImage/1070735221361754232,CM
283330562515533824,TAC,Turkiye,Esperion,86,https://psafdb.com/api/playerImage/283330562515533824,lst
852892645775638568,Shu.,Turkiye,US Ávila,76,https://psafdb.com/api/playerImage/852892645775638568,LW
754738418340069407,BeastBen,England,OG FC,81,https://psafdb.com/api/playerImage/754738418340069407,RB
1237107250582130759,kangal,Turkiye,FC Rzeszów,75,https://psafdb.com/api/playerImage/1237107250582130759,lb
360860196626628630,realtrendsettër,Russia,Leeds United FC,83,https://psafdb.com/api/playerImage/360860196626628630,LB
1241032995792748585,DriBBlex,Turkiye,Ball Wonder FC,83,https://psafdb.com/api/playerImage/1241032995792748585,cm
163328730180091905,Aralz,Sweden,Lase FC,81,https://psafdb.com/api/playerImage/163328730180091905,lb
266543498667229184,Memo17,Egypt,Hydraspor FK,70,https://psafdb.com/api/playerImage/266543498667229184,LB
810618817407090709,Edin,Germany,Pau FC,89,https://psafdb.com/api/playerImage/810618817407090709,RW
398145457097801730,mannen,Sweden,Leeds United FC,87,https://psafdb.com/api/playerImage/398145457097801730,rw
1147821269610397738,Mike Tyson,Morocco,Leeds United FC,86,https://psafdb.com/api/playerImage/1147821269610397738,cm
420932612966842368,Night,Turkiye,Lase FC,81,https://psafdb.com/api/playerImage/420932612966842368,lw
720970860382388325,Fikimanki,Turkiye,Montréal FC,77,https://psafdb.com/api/playerImage/720970860382388325,lb
359771528705081345,HamzaJ,Morocco,Free Agent,76,https://psafdb.com/api/playerImage/359771528705081345,rb
524981073688657922,loay,England,Leeds United FC,84,https://psafdb.com/api/playerImage/524981073688657922,cm
1170467697855836291,Auto,Turkiye,Chelsea United,83,https://psafdb.com/api/playerImage/1170467697855836291,cb
778260331587567657,RR,Turkiye,Free Agent,70,https://psafdb.com/api/playerImage/778260331587567657,CM
305597006959738885,Koenk,Netherlands,OG FC,79,https://psafdb.com/api/playerImage/305597006959738885,gk
903586680244695131,Artann,Albania,Chelsea United,90,https://psafdb.com/api/playerImage/903586680244695131,CM
1062362861504045098,Mathers,Turkiye,Greenlink FC,70,https://psafdb.com/api/playerImage/1062362861504045098,GK
886190954304897076,Nagi,Italy,Free Agent,86,https://psafdb.com/api/playerImage/886190954304897076,cm
1150926241218691153,Thorfinn (kaka),Spain,Lisbon FC,74,https://psafdb.com/api/playerImage/1150926241218691153,lw
798817656957698049,Kuzey,Turkiye,Çoraban FK,75,https://psafdb.com/api/playerImage/798817656957698049,gk
1222672132404809779,alanosik,Poland,Valhalla FC,74,https://psafdb.com/api/playerImage/1222672132404809779,lb
486585045331476511,jamblinz,England,Lunar Legion FC,77,https://psafdb.com/api/playerImage/486585045331476511,RB
620177911382802462,abubakr,Morocco,Wembley Guardians,72,https://psafdb.com/api/playerImage/620177911382802462,cm
426828979694206987,Tree,Wales,Free Agent,72,https://psafdb.com/api/playerImage/426828979694206987,lb
539020775433306122,Tapinaldo,France,FC Virtuoz,87,https://psafdb.com/api/playerImage/539020775433306122,cm
804407632261414932,L14M,England,Greenlink FC,89,https://psafdb.com/api/playerImage/804407632261414932,CM
399310617120473129,Tsou?,France,Ball Wonder FC,81,https://psafdb.com/api/playerImage/399310617120473129,rw
661767143632666636,Bång,Sweden,Lisbon FC,78,https://psafdb.com/api/playerImage/661767143632666636,RW
712506888436056095,cihat,Turkiye,Free Agent,84,https://psafdb.com/api/playerImage/712506888436056095,N/A
871352717895950357,.Prime Maldini,Palestine,Ares United,82,https://psafdb.com/api/playerImage/871352717895950357,lb
843227044594712578,Nejat Jobs,Turkiye,Luton Town FC,84,https://psafdb.com/api/playerImage/843227044594712578,rb
518481050868121625,Evradi,Romania,VFB Leipzig,76,https://psafdb.com/api/playerImage/518481050868121625,RB
740121217557594163,Ereng,Turkiye,Luton Town FC,87,https://psafdb.com/api/playerImage/740121217557594163,RST
1091477855944323082,L U C K,Turkiye,FC Virtuoz,77,https://psafdb.com/api/playerImage/1091477855944323082,gk
586258033462607882,! Mzx,Saudi Arabia,Portsmouth FC,80,https://psafdb.com/api/playerImage/586258033462607882,rb
933815515405758495,grayson,Turkiye,Guards United,86,https://psafdb.com/api/playerImage/933815515405758495,cm
681485087325683712,.,France,Lisbon FC,75,https://psafdb.com/api/playerImage/681485087325683712,LB
974035454003392562,Fahad,Kuwait,Hydraspor FK,76,https://psafdb.com/api/playerImage/974035454003392562,rw
274973766721994752,beryan,Bosnia and Herzegovina,Drillas,80,https://psafdb.com/api/playerImage/274973766721994752,LW
1160526260464787506,Kalev,Saudi Arabia,OG FC,75,https://psafdb.com/api/playerImage/1160526260464787506,rb
815142554814513163,Darstegen,Turkiye,Hellfire Club,78,https://psafdb.com/api/playerImage/815142554814513163,gk
